{
  "water_plier": {
    "name": "워터 플라이어",
    "description": "다양한 물체를 잡고 돌리는 데 사용되는 다용도 공구입니다. 강력한 그립력과 내구성을 자랑합니다.",
    "price": "평균가: ₩56,667",
    "category": "플라이어",
    "product_code": "WP001",
    "origin": "독일"
  },
  "stubby_screwdriver": {
    "name": "짧은 드라이버",
    "description": "좁은 공간에서 사용하기 좋은 짧은 손잡이의 드라이버입니다. 휴대성이 뛰어나고 사용이 편리합니다.",
    "price": "평균가: ₩6,500",
    "category": "드라이버",
    "product_code": "SD002",
    "origin": "일본"
  },
  "precision_screwdriver": {
    "name": "정밀 드라이버",
    "description": "작은 나사를 정밀하게 조이거나 풀 수 있는 도구입니다. 세밀한 작업에 적합합니다.",
    "price": "평균가: ₩22,500",
    "category": "드라이버",
    "product_code": "SP003",
    "origin": "한국"
  },
  "Phillips_screwdriver": {
    "name": "필립스 드라이버",
    "description": "십자 모양의 팁을 가진 드라이버입니다. 다양한 크기의 나사에 사용할 수 있습니다.",
    "price": "평균가: ₩10,664",
    "category": "드라이버",
    "product_code": "SD004",
    "origin": "미국"
  },
  "monkey_spanner": {
    "name": "몽키 스패너",
    "description": "넓은 턱을 가진 조절식 렌치입니다. 다양한 크기의 볼트를 조일 수 있습니다.",
    "price": "평균가: ₩20,152",
    "category": "스패너",
    "product_code": "MS005",
    "origin": "일본"
  },
  "hex_wrench": {
    "name": "헥스 렌치",
    "description": "육각형 소켓의 볼트와 나사를 돌리는 데 사용되는 도구입니다. 내구성이 뛰어나고 사용이 편리합니다.",
    "price": "평균가: ₩15,884",
    "category": "렌치",
    "product_code": "HW006",
    "origin": "독일"
  },
  "hacksaw": {
    "name": "핵쏘",
    "description": "금속을 자르는 데 사용되는 톱입니다. 미세한 톱니로 정밀한 절단이 가능합니다.",
    "price": "평균가: ₩21,301",
    "category": "절단공구",
    "product_code": "PS007",
    "origin": "미국"
  },
  "grip_plier": {
    "name": "그립 플라이어",
    "description": "조정 가능한 턱으로 강력한 그립을 제공하는 플라이어입니다. 다양한 작업에 사용할 수 있습니다.",
    "price": "평균가: ₩14,723",
    "category": "플라이어",
    "product_code": "WA008",
    "origin": "한국"
  },
  "gear_puller": {
    "name": "기어 풀러",
    "description": "기어, 풀리 및 기타 구성 요소를 제거하는 도구입니다. 강력한 힘으로 쉽게 제거할 수 있습니다.",
    "price": "평균가: ₩25,525",
    "category": "제어공구",
    "product_code": "GP009",
    "origin": "독일"
  },
  "box_end_spanner": {
    "name": "박스 엔드 스패너",
    "description": "패스너의 면을 잡기 위해 닫힌 구멍을 가진 렌치입니다. 견고하고 내구성이 뛰어납니다.",
    "price": "평균가: ₩12,520",
    "category": "스패너",
    "product_code": "MBS010",
    "origin": "한국"
  },
  "bolt_cutter": {
    "name": "볼트 커터",
    "description": "볼트, 체인 및 와이어 메쉬를 자르는 도구입니다. 강력한 절단력이 특징입니다.",
    "price": "평균가: ₩30,000",
    "category": "절단공구",
    "product_code": "PI011",
    "origin": "미국"
  },
  "offset_wrench": {
    "name": "오프셋 렌치",
    "description": "좁은 공간에 도달할 수 있는 각진 머리를 가진 렌치입니다. 작업 효율성을 높여줍니다.",
    "price": "평균가: ₩17,219",
    "category": "렌치",
    "product_code": "HB012",
    "origin": "일본"
  },
  "long_nose": {
    "name": "롱 노즈",
    "description": "길고 가는 턱을 가진 플라이어로, 정밀 작업에 적합합니다. 다양한 작업에 사용 가능합니다.",
    "price": "평균가: ₩11,230",
    "category": "뺀찌",
    "product_code": "LN013",
    "origin": "독일"
  },
  "snapring_plier": {
    "name": "스냅링 플라이어",
    "description": "스냅링을 설치하거나 제거하는 도구입니다. 정밀하고 견고한 작업이 가능합니다.",
    "price": "평균가: ₩22,600",
    "category": "플라이어",
    "product_code": "WG014",
    "origin": "한국"
  },
  "motor_wrench": {
    "name": "모터 렌치",
    "description": "모터 부품 작업에 적합한 도구입니다. 강력하고 신뢰할 수 있습니다.",
    "price": "평균가: ₩28,903",
    "category": "렌치",
    "product_code": "HD015",
    "origin": "미국"
  }
}
